{"cameraMode":{"drawMode":0,"name":"Shaded","section":"Shading Mode"},"sceneLighting":false,"audioPlay":false,"sceneViewState":{"m_AlwaysRefresh":false,"showFog":true,"showSkybox":false,"showFlares":true,"showImageEffects":true,"showParticleSystems":true,"showVisualEffectGraphs":true,"m_FxEnabled":true},"in2DMode":false,"pivot":{"x":0.0000019073486328125,"y":0.22504091262817384,"z":0.000019073486328125},"rotation":{"x":-0.23000511527061463,"y":0.5687832832336426,"z":-0.16961151361465455,"w":-0.7712906002998352},"size":22.107749938964845,"orthographic":false}