{"cameraMode":{"drawMode":0,"name":"Shaded","section":"Shading Mode"},"sceneLighting":false,"audioPlay":false,"sceneViewState":{"m_AlwaysRefresh":false,"showFog":true,"showSkybox":false,"showFlares":true,"showImageEffects":true,"showParticleSystems":true,"showVisualEffectGraphs":true,"m_FxEnabled":true},"in2DMode":false,"pivot":{"x":-0.011385723948478699,"y":0.2055300772190094,"z":-0.2079259753227234},"rotation":{"x":0.0038548132870346309,"y":-0.9950389266014099,"z":0.08979539573192597,"w":0.04271139204502106},"size":0.4247095286846161,"orthographic":false}