{"cameraMode":{"drawMode":0,"name":"Shaded","section":"Shading Mode"},"sceneLighting":false,"audioPlay":false,"sceneViewState":{"m_AlwaysRefresh":false,"showFog":true,"showSkybox":false,"showFlares":true,"showImageEffects":true,"showParticleSystems":true,"showVisualEffectGraphs":true,"m_FxEnabled":true},"in2DMode":false,"pivot":{"x":-0.001889646053314209,"y":0.4089374542236328,"z":0.017010897397994996},"rotation":{"x":-0.19847679138183595,"y":0.011186966672539711,"z":-0.0022754690144211056,"w":-0.9800750613212586},"size":0.5313085317611694,"orthographic":false}