{"cameraMode":{"drawMode":0,"name":"Shaded","section":"Shading Mode"},"sceneLighting":false,"audioPlay":false,"sceneViewState":{"m_AlwaysRefresh":false,"showFog":true,"showSkybox":false,"showFlares":true,"showImageEffects":true,"showParticleSystems":true,"showVisualEffectGraphs":true,"m_FxEnabled":true},"in2DMode":false,"pivot":{"x":-0.15221190452575684,"y":0.2041221708059311,"z":-0.05037355422973633},"rotation":{"x":-0.23000511527061463,"y":0.5687832832336426,"z":-0.16961151361465455,"w":-0.7712906002998352},"size":3.4104835987091066,"orthographic":false}