{"cameraMode":{"drawMode":0,"name":"Shaded","section":"Shading Mode"},"sceneLighting":false,"audioPlay":false,"sceneViewState":{"m_AlwaysRefresh":false,"showFog":true,"showSkybox":false,"showFlares":true,"showImageEffects":true,"showParticleSystems":true,"showVisualEffectGraphs":true,"m_FxEnabled":true},"in2DMode":false,"pivot":{"x":0.00022742152214050293,"y":0.8452407121658325,"z":-0.0039841532707214359},"rotation":{"x":0.0097448555752635,"y":-0.9514372944831848,"z":0.3062385618686676,"w":0.0302615724503994},"size":1.6304800510406495,"orthographic":false}