{"cameraMode":{"drawMode":0,"name":"Shaded","section":"Shading Mode"},"sceneLighting":false,"audioPlay":false,"sceneViewState":{"m_AlwaysRefresh":false,"showFog":true,"showSkybox":false,"showFlares":true,"showImageEffects":true,"showParticleSystems":true,"showVisualEffectGraphs":true,"m_FxEnabled":true},"in2DMode":false,"pivot":{"x":0.0002141892910003662,"y":0.871490478515625,"z":0.02780759334564209},"rotation":{"x":0.3497418463230133,"y":-0.053360868245363238,"z":0.019953524693846704,"w":0.9351263046264648},"size":1.6446975469589234,"orthographic":false}