{"cameraMode":{"drawMode":0,"name":"Shaded","section":"Shading Mode"},"sceneLighting":false,"audioPlay":false,"sceneViewState":{"m_AlwaysRefresh":false,"showFog":true,"showSkybox":false,"showFlares":true,"showImageEffects":true,"showParticleSystems":true,"showVisualEffectGraphs":true,"m_FxEnabled":true},"in2DMode":false,"pivot":{"x":0.0000019669532775878908,"y":0.5142452716827393,"z":0.034031689167022708},"rotation":{"x":0.036852024495601657,"y":-0.9630199670791626,"z":0.19711634516716004,"w":0.18001581728458405},"size":0.958707869052887,"orthographic":false}