{"cameraMode":{"drawMode":0,"name":"Shaded","section":"Shading Mode"},"sceneLighting":false,"audioPlay":false,"sceneViewState":{"m_AlwaysRefresh":false,"showFog":false,"showSkybox":false,"showFlares":false,"showImageEffects":false,"showParticleSystems":false,"showVisualEffectGraphs":true,"m_FxEnabled":true},"in2DMode":false,"pivot":{"x":-0.6413097977638245,"y":0.8963038921356201,"z":0.04418325424194336},"rotation":{"x":-0.021725231781601907,"y":0.9750953912734985,"z":-0.11105035990476608,"w":-0.19077140092849732},"size":1.3334561586380005,"orthographic":false}