{"cameraMode":{"drawMode":0,"name":"Shaded","section":"Shading Mode"},"sceneLighting":false,"audioPlay":false,"sceneViewState":{"m_AlwaysRefresh":false,"showFog":true,"showSkybox":false,"showFlares":true,"showImageEffects":true,"showParticleSystems":true,"showVisualEffectGraphs":true,"m_FxEnabled":true},"in2DMode":false,"pivot":{"x":5.960464477539063e-8,"y":3.9389679431915285,"z":0.05400612950325012},"rotation":{"x":0.22651399672031403,"y":-0.33639371395111086,"z":0.08371211588382721,"w":0.9102342128753662},"size":3.952662467956543,"orthographic":false}