{"cameraMode":{"drawMode":0,"name":"Shaded","section":"Shading Mode"},"sceneLighting":false,"audioPlay":false,"sceneViewState":{"m_AlwaysRefresh":false,"showFog":true,"showSkybox":false,"showFlares":true,"showImageEffects":true,"showParticleSystems":true,"showVisualEffectGraphs":true,"m_FxEnabled":true},"in2DMode":false,"pivot":{"x":0.2839891314506531,"y":1.0632164478302003,"z":-0.020696163177490236},"rotation":{"x":-0.048386041074991229,"y":-0.951560914516449,"z":0.2091027796268463,"w":-0.22018711268901826},"size":0.9997405409812927,"orthographic":false}