{"cameraMode":{"drawMode":0,"name":"Shaded","section":"Shading Mode"},"sceneLighting":false,"audioPlay":false,"sceneViewState":{"m_AlwaysRefresh":false,"showFog":true,"showSkybox":false,"showFlares":true,"showImageEffects":true,"showParticleSystems":true,"showVisualEffectGraphs":true,"m_FxEnabled":true},"in2DMode":false,"pivot":{"x":0.10942307114601135,"y":0.8896393775939941,"z":0.3351952135562897},"rotation":{"x":0.0005260532489046454,"y":0.9872424006462097,"z":-0.15921728312969209,"w":0.003254464128986001},"size":1.5595439672470093,"orthographic":false}