{"cameraMode":{"drawMode":0,"name":"Shaded","section":"Shading Mode"},"sceneLighting":false,"audioPlay":false,"sceneViewState":{"m_AlwaysRefresh":false,"showFog":true,"showSkybox":false,"showFlares":true,"showImageEffects":true,"showParticleSystems":true,"showVisualEffectGraphs":true,"m_FxEnabled":true},"in2DMode":false,"pivot":{"x":-0.000027894973754882813,"y":0.6478464603424072,"z":-4.172325134277344e-7},"rotation":{"x":-0.12490983307361603,"y":0.8749797344207764,"z":-0.3386848270893097,"w":-0.3227558732032776},"size":2.1277880668640138,"orthographic":false}