{"cameraMode":{"drawMode":0,"name":"Shaded","section":"Shading Mode"},"sceneLighting":false,"audioPlay":false,"sceneViewState":{"m_AlwaysRefresh":false,"showFog":true,"showSkybox":false,"showFlares":true,"showImageEffects":true,"showParticleSystems":true,"showVisualEffectGraphs":true,"m_FxEnabled":true},"in2DMode":false,"pivot":{"x":9.5367431640625e-7,"y":0.18466010689735413,"z":0.00006771087646484375},"rotation":{"x":-0.11291410028934479,"y":-0.8595705628395081,"z":0.21611721813678742,"w":-0.4491785168647766},"size":21.21487045288086,"orthographic":false}