{"cameraMode":{"drawMode":0,"name":"Shaded","section":"Shading Mode"},"sceneLighting":false,"audioPlay":false,"sceneViewState":{"m_AlwaysRefresh":false,"showFog":true,"showSkybox":false,"showFlares":true,"showImageEffects":true,"showParticleSystems":true,"showVisualEffectGraphs":true,"m_FxEnabled":true},"in2DMode":false,"pivot":{"x":0.00021573901176452637,"y":0.8661438226699829,"z":0.04899609088897705},"rotation":{"x":0.0097448555752635,"y":-0.9514372944831848,"z":0.3062385618686676,"w":0.0302615724503994},"size":1.6333801746368409,"orthographic":false}