{"cameraMode":{"drawMode":0,"name":"Shaded","section":"Shading Mode"},"sceneLighting":false,"audioPlay":false,"sceneViewState":{"m_AlwaysRefresh":false,"showFog":true,"showSkybox":false,"showFlares":true,"showImageEffects":true,"showParticleSystems":true,"showVisualEffectGraphs":true,"m_FxEnabled":true},"in2DMode":false,"pivot":{"x":0.2852507531642914,"y":0.8787685632705689,"z":0.5077309012413025},"rotation":{"x":0.0005260532489046454,"y":0.9872424006462097,"z":-0.15921728312969209,"w":0.003254464128986001},"size":1.7901242971420289,"orthographic":false}