{"cameraMode":{"drawMode":0,"name":"Shaded","section":"Shading Mode"},"sceneLighting":false,"audioPlay":false,"sceneViewState":{"m_AlwaysRefresh":false,"showFog":true,"showSkybox":false,"showFlares":true,"showImageEffects":true,"showParticleSystems":true,"showVisualEffectGraphs":true,"m_FxEnabled":true},"in2DMode":false,"pivot":{"x":0.29888904094696047,"y":1.4153106212615967,"z":-0.1702115535736084},"rotation":{"x":0.02825941890478134,"y":-0.9701606035232544,"z":0.1964673399925232,"w":0.1394740492105484},"size":1.794344186782837,"orthographic":false}