{"cameraMode":{"drawMode":0,"name":"Shaded","section":"Shading Mode"},"sceneLighting":false,"audioPlay":false,"sceneViewState":{"m_AlwaysRefresh":false,"showFog":true,"showSkybox":false,"showFlares":true,"showImageEffects":true,"showParticleSystems":true,"showVisualEffectGraphs":true,"m_FxEnabled":true},"in2DMode":false,"pivot":{"x":0.054493535310029986,"y":-0.09890198707580567,"z":-0.022693872451782228},"rotation":{"x":-0.016122184693813325,"y":-0.9343969225883484,"z":0.35331031680107119,"w":-0.04264041408896446},"size":0.4310183525085449,"orthographic":false}