{"cameraMode":{"drawMode":0,"name":"Shaded","section":"Shading Mode"},"sceneLighting":false,"audioPlay":false,"sceneViewState":{"m_AlwaysRefresh":false,"showFog":true,"showSkybox":false,"showFlares":true,"showImageEffects":true,"showParticleSystems":true,"showVisualEffectGraphs":true,"m_FxEnabled":true},"in2DMode":false,"pivot":{"x":-0.13339293003082276,"y":0.06160217523574829,"z":-0.5654380321502686},"rotation":{"x":0.05031783878803253,"y":-0.9423863291740418,"z":0.16564953327178956,"w":0.286253958940506},"size":1.0310183763504029,"orthographic":false}