{"cameraMode":{"drawMode":0,"name":"Shaded","section":"Shading Mode"},"sceneLighting":false,"audioPlay":false,"sceneViewState":{"m_AlwaysRefresh":false,"showFog":true,"showSkybox":false,"showFlares":true,"showImageEffects":true,"showParticleSystems":true,"showVisualEffectGraphs":true,"m_FxEnabled":true},"in2DMode":false,"pivot":{"x":1.0968819856643677,"y":0.6161141395568848,"z":-0.9423034191131592},"rotation":{"x":-0.049606841057538989,"y":-0.9484974145889282,"z":0.18822315335273744,"w":-0.24999016523361207},"size":1.6349875926971436,"orthographic":false}