{"cameraMode":{"drawMode":0,"name":"Shaded","section":"Shading Mode"},"sceneLighting":false,"audioPlay":false,"sceneViewState":{"m_AlwaysRefresh":false,"showFog":true,"showSkybox":false,"showFlares":true,"showImageEffects":true,"showParticleSystems":true,"showVisualEffectGraphs":true,"m_FxEnabled":true},"in2DMode":false,"pivot":{"x":0.000023633241653442383,"y":0.0016432330012321473,"z":0.0021691173315048219},"rotation":{"x":-0.12490983307361603,"y":0.8749797344207764,"z":-0.3386848270893097,"w":-0.3227558732032776},"size":0.4055802524089813,"orthographic":false}