{"cameraMode":{"drawMode":0,"name":"Shaded","section":"Shading Mode"},"sceneLighting":false,"audioPlay":false,"sceneViewState":{"m_AlwaysRefresh":false,"showFog":true,"showSkybox":false,"showFlares":true,"showImageEffects":true,"showParticleSystems":true,"showVisualEffectGraphs":true,"m_FxEnabled":true},"in2DMode":false,"pivot":{"x":0.00000858306884765625,"y":3.2250547409057619,"z":0.000072479248046875},"rotation":{"x":-0.11291410028934479,"y":-0.8595705628395081,"z":0.21611721813678742,"w":-0.4491785168647766},"size":21.456951141357423,"orthographic":false}