{"cameraMode":{"drawMode":0,"name":"Shaded","section":"Shading Mode"},"sceneLighting":true,"audioPlay":false,"sceneViewState":{"m_AlwaysRefresh":false,"showFog":true,"showSkybox":true,"showFlares":true,"showImageEffects":true,"showParticleSystems":true,"showVisualEffectGraphs":true,"m_FxEnabled":true},"in2DMode":false,"pivot":{"x":-0.7117635011672974,"y":-0.46489107608795168,"z":-1.8908748626708985},"rotation":{"x":-0.002348643494769931,"y":0.949851393699646,"z":-0.31266283988952639,"w":-0.007123397663235664},"size":4.016435146331787,"orthographic":false}