{"cameraMode":{"drawMode":0,"name":"Shaded","section":"Shading Mode"},"sceneLighting":true,"audioPlay":false,"sceneViewState":{"m_AlwaysRefresh":false,"showFog":true,"showSkybox":true,"showFlares":true,"showImageEffects":true,"showParticleSystems":true,"showVisualEffectGraphs":true,"m_FxEnabled":true},"in2DMode":false,"pivot":{"x":0.2991883158683777,"y":-0.9070556163787842,"z":-2.0071287155151369},"rotation":{"x":0.006088389549404383,"y":0.8924070596694946,"z":-0.4510665237903595,"w":0.012048355303704739},"size":2.0851829051971437,"orthographic":false}