{"cameraMode":{"drawMode":0,"name":"Shaded","section":"Shading Mode"},"sceneLighting":true,"audioPlay":false,"sceneViewState":{"m_AlwaysRefresh":false,"showFog":true,"showSkybox":true,"showFlares":true,"showImageEffects":true,"showParticleSystems":true,"showVisualEffectGraphs":true,"m_FxEnabled":true},"in2DMode":false,"pivot":{"x":-0.5457146763801575,"y":-3.1849138736724855,"z":2.3610875606536867},"rotation":{"x":0.5264405608177185,"y":0.0012705681147053838,"z":-0.000797394139226526,"w":0.8502326607704163},"size":3.0573348999023439,"orthographic":false}