{"cameraMode":{"drawMode":0,"name":"Shaded","section":"Shading Mode"},"sceneLighting":false,"audioPlay":false,"sceneViewState":{"m_AlwaysRefresh":false,"showFog":true,"showSkybox":false,"showFlares":true,"showImageEffects":true,"showParticleSystems":true,"showVisualEffectGraphs":true,"m_FxEnabled":true},"in2DMode":false,"pivot":{"x":0.0000019073486328125,"y":0.22504091262817384,"z":0.000019073486328125},"rotation":{"x":-0.11291410028934479,"y":-0.8595705628395081,"z":0.21611721813678742,"w":-0.4491785168647766},"size":22.107749938964845,"orthographic":false}