{"cameraMode":{"drawMode":0,"name":"Shaded","section":"Shading Mode"},"sceneLighting":false,"audioPlay":false,"sceneViewState":{"m_AlwaysRefresh":false,"showFog":true,"showSkybox":false,"showFlares":true,"showImageEffects":true,"showParticleSystems":true,"showVisualEffectGraphs":true,"m_FxEnabled":true},"in2DMode":false,"pivot":{"x":-0.0000324249267578125,"y":0.00002002716064453125,"z":-0.00003814697265625},"rotation":{"x":-0.11291410028934479,"y":-0.8595705628395081,"z":0.21611721813678742,"w":-0.4491785168647766},"size":22.045425415039064,"orthographic":false}