{"cameraMode":{"drawMode":0,"name":"Shaded","section":"Shading Mode"},"sceneLighting":false,"audioPlay":false,"sceneViewState":{"m_AlwaysRefresh":false,"showFog":true,"showSkybox":false,"showFlares":true,"showImageEffects":true,"showParticleSystems":true,"showVisualEffectGraphs":true,"m_FxEnabled":true},"in2DMode":false,"pivot":{"x":-0.000006198883056640625,"y":1.500080943107605,"z":0.000016689300537109375},"rotation":{"x":-0.08932055532932282,"y":0.9080410599708557,"z":-0.3235740065574646,"w":-0.25070720911026},"size":3.201608180999756,"orthographic":false}