{"cameraMode":{"drawMode":0,"name":"Shaded","section":"Shading Mode"},"sceneLighting":false,"audioPlay":false,"sceneViewState":{"m_AlwaysRefresh":false,"showFog":true,"showSkybox":false,"showFlares":true,"showImageEffects":true,"showParticleSystems":true,"showVisualEffectGraphs":true,"m_FxEnabled":true},"in2DMode":false,"pivot":{"x":5.960464477539063e-8,"y":1.6421822309494019,"z":0.05400625616312027},"rotation":{"x":-0.12490983307361603,"y":0.8749797344207764,"z":-0.3386848270893097,"w":-0.3227558732032776},"size":1.6868315935134888,"orthographic":false}