{"cameraMode":{"drawMode":0,"name":"Shaded","section":"Shading Mode"},"sceneLighting":false,"audioPlay":false,"sceneViewState":{"m_AlwaysRefresh":false,"showFog":true,"showSkybox":false,"showFlares":true,"showImageEffects":true,"showParticleSystems":true,"showVisualEffectGraphs":true,"m_FxEnabled":true},"in2DMode":false,"pivot":{"x":0.0000021457672119140627,"y":0.009016059339046479,"z":0.00000762939453125},"rotation":{"x":-0.19847679138183595,"y":0.011186966672539711,"z":-0.0022754690144211056,"w":-0.9800750613212586},"size":2.8284482955932619,"orthographic":false}