{"cameraMode":{"drawMode":0,"name":"Shaded","section":"Shading Mode"},"sceneLighting":false,"audioPlay":false,"sceneViewState":{"m_AlwaysRefresh":false,"showFog":true,"showSkybox":false,"showFlares":true,"showImageEffects":true,"showParticleSystems":true,"showVisualEffectGraphs":true,"m_FxEnabled":true},"in2DMode":false,"pivot":{"x":0.2852507531642914,"y":0.8787685632705689,"z":0.5077309012413025},"rotation":{"x":0.38324227929115298,"y":-0.16218504309654237,"z":0.06855113804340363,"w":0.9067104458808899},"size":1.7901242971420289,"orthographic":false}