{"cameraMode":{"drawMode":0,"name":"Shaded","section":"Shading Mode"},"sceneLighting":false,"audioPlay":false,"sceneViewState":{"m_AlwaysRefresh":false,"showFog":true,"showSkybox":false,"showFlares":true,"showImageEffects":true,"showParticleSystems":true,"showVisualEffectGraphs":true,"m_FxEnabled":true},"in2DMode":false,"pivot":{"x":-0.005100905895233154,"y":1.1396996974945069,"z":-0.05692382901906967},"rotation":{"x":0.22651399672031403,"y":-0.33639371395111086,"z":0.08371211588382721,"w":0.9102342128753662},"size":1.5934114456176758,"orthographic":false}