{"cameraMode":{"drawMode":0,"name":"Shaded","section":"Shading Mode"},"sceneLighting":false,"audioPlay":false,"sceneViewState":{"m_AlwaysRefresh":false,"showFog":false,"showSkybox":false,"showFlares":false,"showImageEffects":false,"showParticleSystems":false,"showVisualEffectGraphs":true,"m_FxEnabled":true},"in2DMode":false,"pivot":{"x":-0.0037662535905838014,"y":1.2892409563064576,"z":-0.39526331424713137},"rotation":{"x":-0.007359757088124752,"y":0.9810072779655457,"z":-0.19008979201316834,"w":-0.03798773139715195},"size":1.0683763027191163,"orthographic":false}