{"cameraMode":{"drawMode":0,"name":"Shaded","section":"Shading Mode"},"sceneLighting":false,"audioPlay":false,"sceneViewState":{"m_AlwaysRefresh":false,"showFog":true,"showSkybox":false,"showFlares":true,"showImageEffects":true,"showParticleSystems":true,"showVisualEffectGraphs":true,"m_FxEnabled":true},"in2DMode":false,"pivot":{"x":0.000003635883331298828,"y":1.5582929849624634,"z":0.03531837463378906},"rotation":{"x":-0.19847679138183595,"y":0.011186966672539711,"z":-0.0022754690144211056,"w":-0.9800750613212586},"size":1.6586402654647828,"orthographic":false}