{"cameraMode":{"drawMode":0,"name":"Shaded","section":"Shading Mode"},"sceneLighting":false,"audioPlay":false,"sceneViewState":{"m_AlwaysRefresh":false,"showFog":true,"showSkybox":false,"showFlares":true,"showImageEffects":true,"showParticleSystems":true,"showVisualEffectGraphs":true,"m_FxEnabled":true},"in2DMode":false,"pivot":{"x":-0.006028890609741211,"y":0.45000022649765017,"z":0.0038242340087890627},"rotation":{"x":-0.2511705756187439,"y":-0.10083554685115814,"z":0.02631879784166813,"w":-0.9623208045959473},"size":1.221807599067688,"orthographic":false}