{"cameraMode":{"drawMode":0,"name":"Shaded","section":"Shading Mode"},"sceneLighting":false,"audioPlay":false,"sceneViewState":{"m_AlwaysRefresh":false,"showFog":true,"showSkybox":false,"showFlares":true,"showImageEffects":true,"showParticleSystems":true,"showVisualEffectGraphs":true,"m_FxEnabled":true},"in2DMode":false,"pivot":{"x":-0.00625920295715332,"y":0.34947314858436587,"z":-0.15980401635169984},"rotation":{"x":-0.2511705756187439,"y":-0.10083554685115814,"z":0.02631879784166813,"w":-0.9623208045959473},"size":1.2071136236190797,"orthographic":false}