{"cameraMode":{"drawMode":0,"name":"Shaded","section":"Shading Mode"},"sceneLighting":false,"audioPlay":false,"sceneViewState":{"m_AlwaysRefresh":false,"showFog":true,"showSkybox":false,"showFlares":true,"showImageEffects":true,"showParticleSystems":true,"showVisualEffectGraphs":true,"m_FxEnabled":true},"in2DMode":false,"pivot":{"x":-0.00025832653045654297,"y":1.4901161193847657e-8,"z":0.014622986316680909},"rotation":{"x":-0.2511705756187439,"y":-0.10083554685115814,"z":0.02631879784166813,"w":-0.9623208045959473},"size":0.680182158946991,"orthographic":false}