{"cameraMode":{"drawMode":0,"name":"Shaded","section":"Shading Mode"},"sceneLighting":false,"audioPlay":false,"sceneViewState":{"m_AlwaysRefresh":false,"showFog":true,"showSkybox":false,"showFlares":true,"showImageEffects":true,"showParticleSystems":true,"showVisualEffectGraphs":true,"m_FxEnabled":true},"in2DMode":false,"pivot":{"x":-0.023138046264648439,"y":0.3524055480957031,"z":0.03543281555175781},"rotation":{"x":-0.23000511527061463,"y":0.5687832832336426,"z":-0.16961151361465455,"w":-0.7712906002998352},"size":14.29899787902832,"orthographic":false}