{"cameraMode":{"drawMode":0,"name":"Shaded","section":"Shading Mode"},"sceneLighting":true,"audioPlay":false,"sceneViewState":{"m_AlwaysRefresh":false,"showFog":true,"showSkybox":false,"showFlares":true,"showImageEffects":true,"showParticleSystems":true,"showVisualEffectGraphs":true,"m_FxEnabled":true},"in2DMode":false,"pivot":{"x":-0.012017488479614258,"y":0.9653686285018921,"z":-0.01467972993850708},"rotation":{"x":-0.12490983307361603,"y":0.8749797344207764,"z":-0.3386848270893097,"w":-0.3227558732032776},"size":3.759049415588379,"orthographic":false}