{"cameraMode":{"drawMode":0,"name":"Shaded","section":"Shading Mode"},"sceneLighting":false,"audioPlay":false,"sceneViewState":{"m_AlwaysRefresh":false,"showFog":true,"showSkybox":false,"showFlares":true,"showImageEffects":true,"showParticleSystems":true,"showVisualEffectGraphs":true,"m_FxEnabled":true},"in2DMode":false,"pivot":{"x":-0.4902757704257965,"y":1.5582929849624634,"z":0.4902934432029724},"rotation":{"x":-0.19847679138183595,"y":0.011186966672539711,"z":-0.0022754690144211056,"w":-0.9800750613212586},"size":1.7055904865264893,"orthographic":false}