{"cameraMode":{"drawMode":0,"name":"Shaded","section":"Shading Mode"},"sceneLighting":false,"audioPlay":false,"sceneViewState":{"m_AlwaysRefresh":false,"showFog":true,"showSkybox":false,"showFlares":true,"showImageEffects":true,"showParticleSystems":true,"showVisualEffectGraphs":true,"m_FxEnabled":true},"in2DMode":false,"pivot":{"x":-0.7400767803192139,"y":0.8916816711425781,"z":-0.5656694769859314},"rotation":{"x":0.15006695687770844,"y":-0.8255420327186585,"z":0.25889766216278078,"w":0.4784961938858032},"size":1.0124249458312989,"orthographic":false}