{"cameraMode":{"drawMode":0,"name":"Shaded","section":"Shading Mode"},"sceneLighting":false,"audioPlay":false,"sceneViewState":{"m_AlwaysRefresh":false,"showFog":true,"showSkybox":false,"showFlares":true,"showImageEffects":true,"showParticleSystems":true,"showVisualEffectGraphs":true,"m_FxEnabled":true},"in2DMode":false,"pivot":{"x":1.7881393432617188e-7,"y":1.4999996423721314,"z":5.960464477539063e-8},"rotation":{"x":-0.19847679138183595,"y":0.011186966672539711,"z":-0.0022754690144211056,"w":-0.9800750613212586},"size":3.704495668411255,"orthographic":false}