{"cameraMode":{"drawMode":0,"name":"Shaded","section":"Shading Mode"},"sceneLighting":false,"audioPlay":false,"sceneViewState":{"m_AlwaysRefresh":false,"showFog":true,"showSkybox":false,"showFlares":true,"showImageEffects":true,"showParticleSystems":true,"showVisualEffectGraphs":true,"m_FxEnabled":true},"in2DMode":false,"pivot":{"x":-0.44205212593078616,"y":0.9504550099372864,"z":-0.8570284843444824},"rotation":{"x":0.023664461448788644,"y":-0.9746480584144592,"z":0.18371661007404328,"w":0.12554624676704408},"size":1.4660253524780274,"orthographic":false}