{"cameraMode":{"drawMode":0,"name":"Shaded","section":"Shading Mode"},"sceneLighting":false,"audioPlay":false,"sceneViewState":{"m_AlwaysRefresh":false,"showFog":true,"showSkybox":false,"showFlares":true,"showImageEffects":true,"showParticleSystems":true,"showVisualEffectGraphs":true,"m_FxEnabled":true},"in2DMode":false,"pivot":{"x":0.00022208690643310547,"y":0.8762408494949341,"z":0.01603257656097412},"rotation":{"x":0.036852024495601657,"y":-0.9630199670791626,"z":0.19711634516716004,"w":0.18001581728458405},"size":1.6469863653182984,"orthographic":false}