{"cameraMode":{"drawMode":0,"name":"Shaded","section":"Shading Mode"},"sceneLighting":false,"audioPlay":false,"sceneViewState":{"m_AlwaysRefresh":false,"showFog":true,"showSkybox":false,"showFlares":true,"showImageEffects":true,"showParticleSystems":true,"showVisualEffectGraphs":true,"m_FxEnabled":true},"in2DMode":false,"pivot":{"x":0.0012407912872731686,"y":0.004089803900569677,"z":0.0026818392798304559},"rotation":{"x":0.08184336870908737,"y":-0.18575818836688996,"z":0.01552110817283392,"w":0.9790700674057007},"size":0.008660316467285157,"orthographic":false}