{"cameraMode":{"drawMode":0,"name":"Shaded","section":"Shading Mode"},"sceneLighting":false,"audioPlay":false,"sceneViewState":{"m_AlwaysRefresh":false,"showFog":true,"showSkybox":false,"showFlares":true,"showImageEffects":true,"showParticleSystems":true,"showVisualEffectGraphs":true,"m_FxEnabled":true},"in2DMode":false,"pivot":{"x":0.00022432208061218262,"y":0.8618693351745606,"z":-0.0017797350883483887},"rotation":{"x":0.05008655786514282,"y":-0.9467246532440186,"z":0.2613992393016815,"w":0.18138223886489869},"size":1.641114354133606,"orthographic":false}